[
null,
{"id":1,"battlerName":"","characterIndex":0,"characterName":"神乐mea行走图2","classId":1,"equips":[1,1,2,3,0],"faceIndex":0,"faceName":"","traits":[],"initialLevel":1,"maxLevel":99,"name":"神乐Mea","nickname":"","note":"","profile":""},
{"id":2,"battlerName":"","characterIndex":0,"characterName":"九条行走图","classId":2,"equips":[2,1,2,3,0],"faceIndex":7,"faceName":"","traits":[],"initialLevel":1,"maxLevel":99,"name":"九条mashiro","nickname":"","note":"","profile":""},
{"id":3,"battlerName":"","characterIndex":0,"characterName":"如月行走图","classId":3,"equips":[3,0,2,3,4],"faceIndex":7,"faceName":"","traits":[],"initialLevel":1,"maxLevel":99,"name":"如月koyori","nickname":"","note":"","profile":""},
{"id":4,"battlerName":"","characterIndex":0,"characterName":"八乙女行走图","classId":4,"equips":[4,0,2,3,4],"faceIndex":6,"faceName":"","traits":[],"initialLevel":1,"maxLevel":99,"name":"八乙女noe","nickname":"","note":"","profile":""}
]