[
null,
{"id":1,"list":[{"code":246,"indent":0,"parameters":[2]},{"code":223,"indent":0,"parameters":[[-255,-255,-255,0],120,true]},{"code":122,"indent":0,"parameters":[45,45,0,2,0,6]},{"code":111,"indent":0,"parameters":[1,45,0,0,0]},{"code":201,"indent":1,"parameters":[0,2,38,24,2,0]},{"code":0,"indent":1,"parameters":[]},{"code":412,"indent":0,"parameters":[]},{"code":111,"indent":0,"parameters":[1,45,0,1,0]},{"code":201,"indent":1,"parameters":[0,2,16,23,4,0]},{"code":0,"indent":1,"parameters":[]},{"code":412,"indent":0,"parameters":[]},{"code":111,"indent":0,"parameters":[1,45,0,2,0]},{"code":201,"indent":1,"parameters":[0,2,69,35,2,0]},{"code":0,"indent":1,"parameters":[]},{"code":412,"indent":0,"parameters":[]},{"code":111,"indent":0,"parameters":[1,45,0,3,0]},{"code":201,"indent":1,"parameters":[0,2,15,10,2,0]},{"code":0,"indent":1,"parameters":[]},{"code":412,"indent":0,"parameters":[]},{"code":111,"indent":0,"parameters":[1,45,0,4,0]},{"code":201,"indent":1,"parameters":[0,2,66,9,2,0]},{"code":0,"indent":1,"parameters":[]},{"code":412,"indent":0,"parameters":[]},{"code":111,"indent":0,"parameters":[1,45,0,5,0]},{"code":201,"indent":1,"parameters":[0,2,15,54,8,0]},{"code":0,"indent":1,"parameters":[]},{"code":412,"indent":0,"parameters":[]},{"code":111,"indent":0,"parameters":[1,45,0,6,0]},{"code":201,"indent":1,"parameters":[0,2,73,49,4,0]},{"code":0,"indent":1,"parameters":[]},{"code":412,"indent":0,"parameters":[]},{"code":355,"indent":0,"parameters":["BirthdayManager.changeFace(\"mea\");"]},{"code":355,"indent":0,"parameters":["SceneManager._scene.showAllWindows();"]},{"code":211,"indent":0,"parameters":[1]},{"code":0,"indent":0,"parameters":[]}],"name":"进入地图","switchId":1,"trigger":0},
{"id":2,"list":[{"code":122,"indent":0,"parameters":[25,25,1,0,1]},{"code":117,"indent":0,"parameters":[24]},{"code":0,"indent":0,"parameters":[]}],"name":"电机修复失败","switchId":1,"trigger":0},
{"id":3,"list":[{"code":108,"indent":0,"parameters":["id: 1"]},{"code":408,"indent":0,"parameters":["icon: 187"]},{"code":408,"indent":0,"parameters":["secret: true"]},{"code":408,"indent":0,"parameters":["title: {second_lap}"]},{"code":408,"indent":0,"parameters":["{second_lap_desc}"]},{"code":108,"indent":0,"parameters":["id: 2"]},{"code":408,"indent":0,"parameters":["icon: 82"]},{"code":408,"indent":0,"parameters":["secret: true"]},{"code":408,"indent":0,"parameters":["title: {shinobi}"]},{"code":408,"indent":0,"parameters":["{shinobi_desc}"]},{"code":108,"indent":0,"parameters":["id: 3"]},{"code":408,"indent":0,"parameters":["icon: 64"]},{"code":408,"indent":0,"parameters":["secret: true"]},{"code":408,"indent":0,"parameters":["title: {icecream}"]},{"code":408,"indent":0,"parameters":["{icecream_desc}"]},{"code":108,"indent":0,"parameters":["id: 4"]},{"code":408,"indent":0,"parameters":["icon: 88"]},{"code":408,"indent":0,"parameters":["secret: true"]},{"code":408,"indent":0,"parameters":["title: {prize_first}"]},{"code":408,"indent":0,"parameters":["{prize_first_desc}"]},{"code":108,"indent":0,"parameters":["id: 5"]},{"code":408,"indent":0,"parameters":["icon: 87"]},{"code":408,"indent":0,"parameters":["secret: true"]},{"code":408,"indent":0,"parameters":["title: {prize_special}"]},{"code":408,"indent":0,"parameters":["{prize_special_desc}"]},{"code":108,"indent":0,"parameters":["id: 6"]},{"code":408,"indent":0,"parameters":["icon: 77"]},{"code":408,"indent":0,"parameters":["secret: true"]},{"code":408,"indent":0,"parameters":["title: {masochist}"]},{"code":408,"indent":0,"parameters":["{masochist_desc}"]},{"code":108,"indent":0,"parameters":["id: 7"]},{"code":408,"indent":0,"parameters":["icon: 4"]},{"code":408,"indent":0,"parameters":["secret: true"]},{"code":408,"indent":0,"parameters":["title: {how_old_are_you}"]},{"code":408,"indent":0,"parameters":["{how_old_are_you_desc}"]},{"code":0,"indent":0,"parameters":[]}],"name":"成就列表","switchId":1,"trigger":0},
{"id":4,"list":[{"code":0,"indent":0,"parameters":[]}],"name":"","switchId":1,"trigger":0},
{"id":5,"list":[{"code":0,"indent":0,"parameters":[]}],"name":"","switchId":1,"trigger":0},
{"id":6,"list":[{"code":0,"indent":0,"parameters":[]}],"name":"","switchId":1,"trigger":0},
{"id":7,"list":[{"code":0,"indent":0,"parameters":[]}],"name":"","switchId":1,"trigger":0},
{"id":8,"list":[{"code":0,"indent":0,"parameters":[]}],"name":"","switchId":1,"trigger":0},
{"id":9,"list":[{"code":0,"indent":0,"parameters":[]}],"name":"","switchId":1,"trigger":0},
{"id":10,"list":[{"code":0,"indent":0,"parameters":[]}],"name":"","switchId":1,"trigger":0},
{"id":11,"list":[{"code":0,"indent":0,"parameters":[]}],"name":"","switchId":1,"trigger":0},
{"id":12,"list":[{"code":0,"indent":0,"parameters":[]}],"name":"","switchId":1,"trigger":0},
{"id":13,"list":[{"code":0,"indent":0,"parameters":[]}],"name":"","switchId":1,"trigger":0},
{"id":14,"list":[{"code":0,"indent":0,"parameters":[]}],"name":"","switchId":1,"trigger":0},
{"id":15,"list":[{"code":0,"indent":0,"parameters":[]}],"name":"","switchId":1,"trigger":0},
{"id":16,"list":[{"code":0,"indent":0,"parameters":[]}],"name":"","switchId":1,"trigger":0},
{"id":17,"list":[{"code":355,"indent":0,"parameters":["SceneManager._scene.addChild(SmileManager.TC);"]},{"code":355,"indent":0,"parameters":["SceneManager._scene.addChild(SmileManager.SP);"]},{"code":355,"indent":0,"parameters":["SceneManager._scene.addChild(SmileManager.CD);"]},{"code":122,"indent":0,"parameters":[28,28,1,0,1]},{"code":0,"indent":0,"parameters":[]}],"name":"传送相关","switchId":1,"trigger":0},
{"id":18,"list":[{"code":356,"indent":0,"parameters":["SmartPath 5 cancel"]},{"code":242,"indent":0,"parameters":[1]},{"code":211,"indent":0,"parameters":[0]},{"code":201,"indent":0,"parameters":[0,3,5,5,0,0]},{"code":0,"indent":0,"parameters":[]}],"name":"进入躲藏","switchId":1,"trigger":0},
{"id":19,"list":[{"code":355,"indent":0,"parameters":["SmileManager.ScoreWindow = new Window_Score();"]},{"code":655,"indent":0,"parameters":["SceneManager._scene.addWindow(SmileManager.ScoreWindow);"]},{"code":230,"indent":0,"parameters":[20]},{"code":101,"indent":0,"parameters":["",0,2,2]},{"code":401,"indent":0,"parameters":[""]},{"code":355,"indent":0,"parameters":["SmileManager.ScoreWindow.leave();"]},{"code":0,"indent":0,"parameters":[]}],"name":"结算","switchId":1,"trigger":0},
{"id":20,"list":[{"code":111,"indent":0,"parameters":[0,41,1]},{"code":111,"indent":1,"parameters":[1,47,1,57,4]},{"code":355,"indent":2,"parameters":["BirthdayManager.setTaskText(\"{discovered}\");"]},{"code":0,"indent":2,"parameters":[]},{"code":412,"indent":1,"parameters":[]},{"code":111,"indent":1,"parameters":[0,47,1]},{"code":121,"indent":2,"parameters":[54,54,1]},{"code":0,"indent":2,"parameters":[]},{"code":412,"indent":1,"parameters":[]},{"code":121,"indent":1,"parameters":[53,53,1]},{"code":121,"indent":1,"parameters":[49,49,1]},{"code":121,"indent":1,"parameters":[44,44,1]},{"code":121,"indent":1,"parameters":[41,41,0]},{"code":242,"indent":1,"parameters":[1]},{"code":241,"indent":1,"parameters":[{"name":"草莓丸子登场","volume":90,"pitch":100,"pan":0}]},{"code":356,"indent":1,"parameters":["SmartPath 5 -1"]},{"code":121,"indent":1,"parameters":[43,43,1]},{"code":0,"indent":1,"parameters":[]},{"code":412,"indent":0,"parameters":[]},{"code":0,"indent":0,"parameters":[]}],"name":"进入仇恨","switchId":1,"trigger":0},
{"id":21,"list":[{"code":111,"indent":0,"parameters":[0,41,0]},{"code":355,"indent":1,"parameters":["BirthdayManager.setTaskText(\"<WordWrap>{task_1}\\n{task_1_prev}\"+($gameVariables.value(57)-$gameVariables.value(47)));"]},{"code":121,"indent":1,"parameters":[53,53,1]},{"code":121,"indent":1,"parameters":[41,41,1]},{"code":121,"indent":1,"parameters":[49,49,0]},{"code":356,"indent":1,"parameters":["SmartPath 5 cancel"]},{"code":121,"indent":1,"parameters":[44,44,1]},{"code":121,"indent":1,"parameters":[45,45,1]},{"code":122,"indent":1,"parameters":[44,44,0,0,0]},{"code":121,"indent":1,"parameters":[43,43,0]},{"code":0,"indent":1,"parameters":[]},{"code":412,"indent":0,"parameters":[]},{"code":0,"indent":0,"parameters":[]}],"name":"退出仇恨","switchId":1,"trigger":0},
{"id":22,"list":[{"code":355,"indent":0,"parameters":["SceneManager._scene.removeChild(SmileManager.SP);"]},{"code":355,"indent":0,"parameters":["SmileManager.TC.stopCounting();"]},{"code":355,"indent":0,"parameters":["SceneManager._scene.removeChild(SmileManager.CD);"]},{"code":250,"indent":0,"parameters":[{"name":"Scream","volume":90,"pitch":100,"pan":0}]},{"code":242,"indent":0,"parameters":[4]},{"code":223,"indent":0,"parameters":[[-255,-255,-255,0],1,true]},{"code":355,"indent":0,"parameters":["SceneManager._scene.hideAllWindows();"]},{"code":230,"indent":0,"parameters":[120]},{"code":121,"indent":0,"parameters":[52,52,0]},{"code":101,"indent":0,"parameters":["",0,2,1]},{"code":401,"indent":0,"parameters":[""]},{"code":401,"indent":0,"parameters":[""]},{"code":401,"indent":0,"parameters":["\\#GAME OVER"]},{"code":117,"indent":0,"parameters":[19]},{"code":355,"indent":0,"parameters":["SmileManager.achievements.isSecondLap = true;"]},{"code":655,"indent":0,"parameters":["BirthdayManager.achievementSave();"]},{"code":356,"indent":0,"parameters":["実績 1"]},{"code":354,"indent":0,"parameters":[]},{"code":0,"indent":0,"parameters":[]}],"name":"GAMEOVER","switchId":1,"trigger":0},
{"id":23,"list":[{"code":355,"indent":0,"parameters":["SmileManager.findEmptySlot();"]},{"code":203,"indent":0,"parameters":[5,1,48,49,0]},{"code":0,"indent":0,"parameters":[]}],"name":"随机传送","switchId":1,"trigger":0},
{"id":24,"list":[{"code":121,"indent":0,"parameters":[45,45,0]},{"code":122,"indent":0,"parameters":[44,44,0,0,180]},{"code":111,"indent":0,"parameters":[1,56,0,2,3]},{"code":122,"indent":1,"parameters":[44,44,1,4,"($gameVariables.value(56)-2)*60"]},{"code":0,"indent":1,"parameters":[]},{"code":412,"indent":0,"parameters":[]},{"code":117,"indent":0,"parameters":[20]},{"code":0,"indent":0,"parameters":[]}],"name":"强制仇恨","switchId":1,"trigger":0},
{"id":25,"list":[{"code":122,"indent":0,"parameters":[47,47,1,0,1]},{"code":355,"indent":0,"parameters":["BirthdayManager.setTaskText(\"<WordWrap>{task_1}\\n{task_1_prev}\"+($gameVariables.value(57)-$gameVariables.value(47)));"]},{"code":111,"indent":0,"parameters":[1,47,1,57,1]},{"code":117,"indent":1,"parameters":[26]},{"code":0,"indent":1,"parameters":[]},{"code":412,"indent":0,"parameters":[]},{"code":0,"indent":0,"parameters":[]}],"name":"电机修复完毕","switchId":1,"trigger":0},
{"id":26,"list":[{"code":121,"indent":0,"parameters":[47,47,0]},{"code":355,"indent":0,"parameters":["BirthdayManager.setTaskText(\"{task_2}\");"]},{"code":117,"indent":0,"parameters":[24]},{"code":0,"indent":0,"parameters":[]}],"name":"开始逃脱","switchId":1,"trigger":0},
{"id":27,"list":[{"code":355,"indent":0,"parameters":["SceneManager._scene.removeChild(SmileManager.SP);"]},{"code":355,"indent":0,"parameters":["SmileManager.TC.stopCounting();"]},{"code":355,"indent":0,"parameters":["SceneManager._scene.removeChild(SmileManager.CD);"]},{"code":121,"indent":0,"parameters":[48,48,0]},{"code":242,"indent":0,"parameters":[4]},{"code":250,"indent":0,"parameters":[{"name":"","volume":90,"pitch":100,"pan":0}]},{"code":223,"indent":0,"parameters":[[-255,-255,-255,0],60,true]},{"code":355,"indent":0,"parameters":["SceneManager._scene.hideAllWindows();"]},{"code":101,"indent":0,"parameters":["",0,1,1]},{"code":401,"indent":0,"parameters":["\\#{victory}"]},{"code":111,"indent":0,"parameters":[0,54,0]},{"code":356,"indent":1,"parameters":["実績 2"]},{"code":0,"indent":1,"parameters":[]},{"code":412,"indent":0,"parameters":[]},{"code":111,"indent":0,"parameters":[0,20,0]},{"code":356,"indent":1,"parameters":["実績 3"]},{"code":0,"indent":1,"parameters":[]},{"code":412,"indent":0,"parameters":[]},{"code":111,"indent":0,"parameters":[1,27,0,10,1]},{"code":356,"indent":1,"parameters":["実績 6"]},{"code":0,"indent":1,"parameters":[]},{"code":412,"indent":0,"parameters":[]},{"code":111,"indent":0,"parameters":[1,25,0,10,1]},{"code":356,"indent":1,"parameters":["実績 7"]},{"code":0,"indent":1,"parameters":[]},{"code":412,"indent":0,"parameters":[]},{"code":117,"indent":0,"parameters":[19]},{"code":355,"indent":0,"parameters":["SmileManager.achievements.isSecondLap = true;"]},{"code":655,"indent":0,"parameters":["BirthdayManager.achievementSave();"]},{"code":356,"indent":0,"parameters":["実績 1"]},{"code":354,"indent":0,"parameters":[]},{"code":0,"indent":0,"parameters":[]}],"name":"游戏胜利","switchId":1,"trigger":0},
{"id":28,"list":[{"code":122,"indent":0,"parameters":[25,25,1,0,1]},{"code":117,"indent":0,"parameters":[24]},{"code":0,"indent":0,"parameters":[]}],"name":"电机修复失败","switchId":1,"trigger":0},
{"id":29,"list":[{"code":122,"indent":0,"parameters":[50,50,0,3,5,5,0]},{"code":122,"indent":0,"parameters":[51,51,0,3,5,5,1]},{"code":122,"indent":0,"parameters":[50,50,2,3,5,-1,0]},{"code":122,"indent":0,"parameters":[51,51,2,3,5,-1,1]},{"code":122,"indent":0,"parameters":[52,52,0,4,"SmileManager.calcDistance()"]},{"code":0,"indent":0,"parameters":[]}],"name":"计算距离","switchId":1,"trigger":0},
{"id":30,"list":[{"code":111,"indent":0,"parameters":[1,55,0,0,2]},{"code":122,"indent":1,"parameters":[27,27,1,0,1]},{"code":250,"indent":1,"parameters":[{"name":"Slash1","volume":90,"pitch":100,"pan":0}]},{"code":355,"indent":1,"parameters":["SmileManager.reduceHP(80);"]},{"code":356,"indent":1,"parameters":[">行走图滤镜 : 领队 : 波动纯色滤镜 : 纯红 : 155 : 30"]},{"code":111,"indent":1,"parameters":[0,45,0]},{"code":121,"indent":2,"parameters":[53,53,1]},{"code":0,"indent":2,"parameters":[]},{"code":411,"indent":1,"parameters":[]},{"code":121,"indent":2,"parameters":[53,53,0]},{"code":0,"indent":2,"parameters":[]},{"code":412,"indent":1,"parameters":[]},{"code":122,"indent":1,"parameters":[55,55,1,0,120]},{"code":0,"indent":1,"parameters":[]},{"code":412,"indent":0,"parameters":[]},{"code":111,"indent":0,"parameters":[12,"SmileManager.GetHp()<=0"]},{"code":117,"indent":1,"parameters":[22]},{"code":0,"indent":1,"parameters":[]},{"code":412,"indent":0,"parameters":[]},{"code":0,"indent":0,"parameters":[]}],"name":"受伤","switchId":1,"trigger":0}
]