[
null,
{"id":1,"animationId":0,"consumable":true,"damage":{"critical":false,"elementId":0,"formula":"0","type":0,"variance":20},"description":"{Strawberry_desc}","effects":[],"hitType":0,"iconIndex":0,"itypeId":1,"name":"{Strawberry}","note":"","occasion":0,"price":0,"repeats":1,"scope":7,"speed":0,"successRate":100,"tpGain":0},
{"id":2,"animationId":0,"consumable":true,"damage":{"critical":false,"elementId":0,"formula":"0","type":0,"variance":20},"description":"{Blueberry_desc}","effects":[],"hitType":0,"iconIndex":0,"itypeId":1,"name":"{Blueberry}","note":"","occasion":0,"price":0,"repeats":1,"scope":7,"speed":0,"successRate":100,"tpGain":0},
{"id":3,"animationId":0,"consumable":true,"damage":{"critical":false,"elementId":0,"formula":"0","type":0,"variance":20},"description":"{Cream_desc}","effects":[],"hitType":0,"iconIndex":0,"itypeId":1,"name":"{Cream}","note":"","occasion":0,"price":0,"repeats":1,"scope":7,"speed":0,"successRate":100,"tpGain":0},
{"id":4,"animationId":0,"consumable":true,"damage":{"critical":false,"elementId":0,"formula":"0","type":0,"variance":20},"description":"{Icing_desc}","effects":[],"hitType":0,"iconIndex":0,"itypeId":1,"name":"{Icing}","note":"","occasion":0,"price":0,"repeats":1,"scope":7,"speed":0,"successRate":100,"tpGain":0},
{"id":5,"animationId":0,"consumable":true,"damage":{"critical":false,"elementId":0,"formula":"0","type":0,"variance":20},"description":"{Cherry_desc}","effects":[],"hitType":0,"iconIndex":0,"itypeId":1,"name":"{Cherry}","note":"","occasion":0,"price":0,"repeats":1,"scope":7,"speed":0,"successRate":100,"tpGain":0},
{"id":6,"animationId":0,"consumable":true,"damage":{"critical":false,"elementId":0,"formula":"0","type":0,"variance":20},"description":"{Syrup_desc}","effects":[],"hitType":0,"iconIndex":0,"itypeId":1,"name":"{Syrup}","note":"","occasion":0,"price":0,"repeats":1,"scope":7,"speed":0,"successRate":100,"tpGain":0},
{"id":7,"animationId":0,"consumable":true,"damage":{"critical":false,"elementId":0,"formula":"0","type":0,"variance":20},"description":"{Mint_desc}","effects":[],"hitType":0,"iconIndex":0,"itypeId":1,"name":"{Mint}","note":"","occasion":0,"price":0,"repeats":1,"scope":7,"speed":0,"successRate":100,"tpGain":0},
{"id":8,"animationId":0,"consumable":true,"damage":{"critical":false,"elementId":0,"formula":"0","type":0,"variance":20},"description":"{RedBeans_desc}","effects":[],"hitType":0,"iconIndex":0,"itypeId":1,"name":"{RedBeans}","note":"","occasion":0,"price":0,"repeats":1,"scope":7,"speed":0,"successRate":100,"tpGain":0},
{"id":9,"animationId":0,"consumable":true,"damage":{"critical":false,"elementId":0,"formula":"0","type":0,"variance":20},"description":"{GlutinousRice_desc}","effects":[],"hitType":0,"iconIndex":0,"itypeId":1,"name":"{GlutinousRice}","note":"","occasion":0,"price":0,"repeats":1,"scope":7,"speed":0,"successRate":100,"tpGain":0},
{"id":10,"animationId":0,"consumable":true,"damage":{"critical":false,"elementId":0,"formula":"0","type":0,"variance":20},"description":"{Rose_desc}","effects":[],"hitType":0,"iconIndex":0,"itypeId":1,"name":"{Rose}","note":"","occasion":0,"price":0,"repeats":1,"scope":7,"speed":0,"successRate":100,"tpGain":0},
{"id":11,"animationId":0,"consumable":true,"damage":{"critical":false,"elementId":0,"formula":"0","type":0,"variance":20},"description":"{JujubePreserve_desc}","effects":[],"hitType":0,"iconIndex":0,"itypeId":1,"name":"{JujubePreserve}","note":"","occasion":0,"price":0,"repeats":1,"scope":7,"speed":0,"successRate":100,"tpGain":0},
{"id":12,"animationId":0,"consumable":true,"damage":{"critical":false,"elementId":0,"formula":"0","type":0,"variance":20},"description":"{CherryBlossoms_desc}","effects":[],"hitType":0,"iconIndex":0,"itypeId":1,"name":"{CherryBlossoms}","note":"","occasion":0,"price":0,"repeats":1,"scope":7,"speed":0,"successRate":100,"tpGain":0},
{"id":13,"animationId":0,"consumable":true,"damage":{"critical":false,"elementId":0,"formula":"0","type":0,"variance":20},"description":"{ChoppedNuts_desc}","effects":[],"hitType":0,"iconIndex":0,"itypeId":1,"name":"{ChoppedNuts}","note":"","occasion":0,"price":0,"repeats":1,"scope":7,"speed":0,"successRate":100,"tpGain":0},
{"id":14,"animationId":0,"consumable":true,"damage":{"critical":false,"elementId":0,"formula":"0","type":0,"variance":20},"description":"{Mango_desc}","effects":[],"hitType":0,"iconIndex":0,"itypeId":1,"name":"{Mango}","note":"","occasion":0,"price":0,"repeats":1,"scope":7,"speed":0,"successRate":100,"tpGain":0},
{"id":15,"animationId":0,"consumable":true,"damage":{"critical":false,"elementId":0,"formula":"0","type":0,"variance":20},"description":"{MeatFloss_desc}","effects":[],"hitType":0,"iconIndex":0,"itypeId":1,"name":"{MeatFloss}","note":"","occasion":0,"price":0,"repeats":1,"scope":7,"speed":0,"successRate":100,"tpGain":0},
{"id":16,"animationId":0,"consumable":true,"damage":{"critical":false,"elementId":0,"formula":"0","type":0,"variance":20},"description":"{VanillaEssentialOil_desc}","effects":[],"hitType":0,"iconIndex":0,"itypeId":1,"name":"{VanillaEssentialOil}","note":"","occasion":0,"price":0,"repeats":1,"scope":7,"speed":0,"successRate":100,"tpGain":0},
{"id":17,"animationId":0,"consumable":true,"damage":{"critical":false,"elementId":0,"formula":"0","type":0,"variance":20},"description":"{Yogurt_desc}","effects":[],"hitType":0,"iconIndex":0,"itypeId":1,"name":"{Yogurt}","note":"","occasion":0,"price":0,"repeats":1,"scope":7,"speed":0,"successRate":100,"tpGain":0},
{"id":18,"animationId":0,"consumable":true,"damage":{"critical":false,"elementId":0,"formula":"0","type":0,"variance":20},"description":"{CoconutShred_desc}","effects":[],"hitType":0,"iconIndex":0,"itypeId":1,"name":"{CoconutShred}","note":"","occasion":0,"price":0,"repeats":1,"scope":7,"speed":0,"successRate":100,"tpGain":0},
{"id":19,"animationId":0,"consumable":true,"damage":{"critical":false,"elementId":0,"formula":"0","type":0,"variance":20},"description":"{Lemon_desc}","effects":[],"hitType":0,"iconIndex":0,"itypeId":1,"name":"{Lemon}","note":"","occasion":0,"price":0,"repeats":1,"scope":7,"speed":0,"successRate":100,"tpGain":0},
{"id":20,"animationId":0,"consumable":true,"damage":{"critical":false,"elementId":0,"formula":"0","type":0,"variance":20},"description":"{Grape_desc}","effects":[],"hitType":0,"iconIndex":0,"itypeId":1,"name":"{Grape}","note":"","occasion":0,"price":0,"repeats":1,"scope":7,"speed":0,"successRate":100,"tpGain":0},
{"id":21,"animationId":0,"consumable":true,"damage":{"critical":false,"elementId":0,"formula":"0","type":0,"variance":20},"description":"{SeaSalt_desc}","effects":[],"hitType":0,"iconIndex":0,"itypeId":1,"name":"{SeaSalt}","note":"","occasion":0,"price":0,"repeats":1,"scope":7,"speed":0,"successRate":100,"tpGain":0},
{"id":22,"animationId":0,"consumable":true,"damage":{"critical":false,"elementId":0,"formula":"0","type":0,"variance":20},"description":"{Lamb_desc}","effects":[],"hitType":0,"iconIndex":0,"itypeId":1,"name":"{Lamb}","note":"","occasion":0,"price":0,"repeats":1,"scope":7,"speed":0,"successRate":100,"tpGain":0},
{"id":23,"animationId":0,"consumable":true,"damage":{"critical":false,"elementId":0,"formula":"0","type":0,"variance":20},"description":"{Onion_desc}","effects":[],"hitType":0,"iconIndex":0,"itypeId":1,"name":"{Onion}","note":"","occasion":0,"price":0,"repeats":1,"scope":7,"speed":0,"successRate":100,"tpGain":0},
{"id":24,"animationId":0,"consumable":true,"damage":{"critical":false,"elementId":0,"formula":"0","type":0,"variance":20},"description":"{GreenPepper_desc}","effects":[],"hitType":0,"iconIndex":0,"itypeId":1,"name":"{GreenPepper}","note":"","occasion":0,"price":0,"repeats":1,"scope":7,"speed":0,"successRate":100,"tpGain":0},
{"id":25,"animationId":0,"consumable":true,"damage":{"critical":false,"elementId":0,"formula":"0","type":0,"variance":20},"description":"{RedPepper_desc}","effects":[],"hitType":0,"iconIndex":0,"itypeId":1,"name":"{RedPepper}","note":"","occasion":0,"price":0,"repeats":1,"scope":7,"speed":0,"successRate":100,"tpGain":0},
{"id":26,"animationId":0,"consumable":true,"damage":{"critical":false,"elementId":0,"formula":"0","type":0,"variance":20},"description":"{SoySauce_desc}","effects":[],"hitType":0,"iconIndex":0,"itypeId":1,"name":"{SoySauce}","note":"","occasion":0,"price":0,"repeats":1,"scope":7,"speed":0,"successRate":100,"tpGain":0},
{"id":27,"animationId":0,"consumable":true,"damage":{"critical":false,"elementId":0,"formula":"0","type":0,"variance":20},"description":"{Tenderloin_desc}","effects":[],"hitType":0,"iconIndex":0,"itypeId":1,"name":"{Tenderloin}","note":"","occasion":0,"price":0,"repeats":1,"scope":7,"speed":0,"successRate":100,"tpGain":0},
{"id":28,"animationId":0,"consumable":true,"damage":{"critical":false,"elementId":0,"formula":"0","type":0,"variance":20},"description":"{CocoaPowder_desc}","effects":[],"hitType":0,"iconIndex":0,"itypeId":1,"name":"{CocoaPowder}","note":"","occasion":0,"price":0,"repeats":1,"scope":7,"speed":0,"successRate":100,"tpGain":0},
{"id":29,"animationId":0,"consumable":true,"damage":{"critical":false,"elementId":0,"formula":"0","type":0,"variance":20},"description":"{Reore_desc}","effects":[],"hitType":0,"iconIndex":0,"itypeId":1,"name":"{Reore}","note":"","occasion":0,"price":0,"repeats":1,"scope":7,"speed":0,"successRate":100,"tpGain":0},
{"id":30,"animationId":0,"consumable":true,"damage":{"critical":false,"elementId":0,"formula":"0","type":0,"variance":20},"description":"{Marshmallow_desc}","effects":[],"hitType":0,"iconIndex":0,"itypeId":1,"name":"{Marshmallow}","note":"","occasion":0,"price":0,"repeats":1,"scope":7,"speed":0,"successRate":100,"tpGain":0},
{"id":31,"animationId":0,"consumable":true,"damage":{"critical":false,"elementId":0,"formula":"0","type":0,"variance":20},"description":"{LaoBaigan_desc}","effects":[],"hitType":0,"iconIndex":0,"itypeId":1,"name":"{LaoBaigan}","note":"","occasion":0,"price":0,"repeats":1,"scope":7,"speed":0,"successRate":100,"tpGain":0},
{"id":32,"animationId":0,"consumable":true,"damage":{"critical":false,"elementId":0,"formula":"0","type":0,"variance":20},"description":"{Rum_desc}","effects":[],"hitType":0,"iconIndex":0,"itypeId":1,"name":"{Rum}","note":"","occasion":0,"price":0,"repeats":1,"scope":7,"speed":0,"successRate":100,"tpGain":0},
{"id":33,"animationId":0,"consumable":true,"damage":{"critical":false,"elementId":0,"formula":"0","type":0,"variance":20},"description":"{CoffeeLiqueur_desc}","effects":[],"hitType":0,"iconIndex":0,"itypeId":1,"name":"{CoffeeLiqueur}","note":"","occasion":0,"price":0,"repeats":1,"scope":7,"speed":0,"successRate":100,"tpGain":0},
{"id":34,"animationId":0,"consumable":true,"damage":{"critical":false,"elementId":0,"formula":"0","type":0,"variance":20},"description":"{MatchaPowder_desc}","effects":[],"hitType":0,"iconIndex":0,"itypeId":1,"name":"{MatchaPowder}","note":"","occasion":0,"price":0,"repeats":1,"scope":7,"speed":0,"successRate":100,"tpGain":0},
{"id":35,"animationId":0,"consumable":true,"damage":{"critical":false,"elementId":0,"formula":"0","type":0,"variance":20},"description":"{DarkChocolate_desc}","effects":[],"hitType":0,"iconIndex":0,"itypeId":1,"name":"{DarkChocolate}","note":"","occasion":0,"price":0,"repeats":1,"scope":7,"speed":0,"successRate":100,"tpGain":0},
{"id":36,"animationId":0,"consumable":true,"damage":{"critical":false,"elementId":0,"formula":"0","type":0,"variance":20},"description":"{WhiteChocolate_desc}","effects":[],"hitType":0,"iconIndex":0,"itypeId":1,"name":"{WhiteChocolate}","note":"","occasion":0,"price":0,"repeats":1,"scope":7,"speed":0,"successRate":100,"tpGain":0},
{"id":37,"animationId":0,"consumable":true,"damage":{"critical":false,"elementId":0,"formula":"0","type":0,"variance":20},"description":"{Cheese_desc}","effects":[],"hitType":0,"iconIndex":0,"itypeId":1,"name":"{Cheese}","note":"","occasion":0,"price":0,"repeats":1,"scope":7,"speed":0,"successRate":100,"tpGain":0},
{"id":38,"animationId":0,"consumable":true,"damage":{"critical":false,"elementId":0,"formula":"0","type":0,"variance":20},"description":"","effects":[],"hitType":0,"iconIndex":0,"itypeId":1,"name":"","note":"","occasion":0,"price":0,"repeats":1,"scope":7,"speed":0,"successRate":100,"tpGain":0}
]