[
null,
{"id":1,"expanded":false,"name":"MAP001","order":5,"parentId":0,"scrollX":1404,"scrollY":788.5714285714286},
{"id":2,"expanded":false,"name":"主地图","order":3,"parentId":0,"scrollX":1390.2857142857142,"scrollY":774.8571428571428},
{"id":3,"expanded":false,"name":"躲藏中","order":4,"parentId":0,"scrollX":1404,"scrollY":788.5714285714286},
{"id":4,"expanded":false,"name":"开始之前","order":6,"parentId":0,"scrollX":1404,"scrollY":788.5714285714286},
null,
null,
null,
null,
null,
{"id":10,"expanded":false,"name":"开始","order":1,"parentId":0,"scrollX":1404,"scrollY":788.5714285714286},
null,
null,
{"id":13,"expanded":false,"name":"黑暗","order":2,"parentId":0,"scrollX":1404,"scrollY":788.5714285714286}
]